Of1~T2222222Q~34~Single~BS3ezy|X~Proj_1
Of2~T3333333Q~31~Single~BS3ezy|X~Proj_1
Of3~T4444444Q~35~Single~BS3ezy|X~Proj_2
Of4~T1222222Q~34~Single~BS3ezy|X~Proj_1
Of5~T1122222Q~34~Single~BS3ezy|X~Proj_2
Ofn1~T2233333Q~35~Single~BS3ezy|X~Proj_1
Ofn2~T2223333Q~37~Married~BS3ezy|X~Proj_1
Jasper Lee~T1234561A~32~Single~BS3ezy|X~Proj_1
Amira Tan~S7654321Z~29~Married~BS3ezy|X~Proj_1
Zachary Koh~T1122334B~35~Single~BS3ezy|X~Proj_1
Nina Wong~S9988776C~31~Married~BS3ezy|X~Proj_1
Arjun Mehta~T5558881D~30~Single~BS3ezy|X~Proj_1
Fiona Lim~S4433221E~34~Married~BS3ezy|X~Proj_2
David Chua~T6677889F~33~Single~BS3ezy|X~Proj_2
Isabelle Teo~S1112223G~28~Single~BS3ezy|X~Proj_2
Muhammad Rahman~T7788991H~36~Married~BS3ezy|X~Proj_2
Sarah Ong~S3344556J~27~Single~BS3ezy|X~Proj_2
Darryl Ong~T2233445Q~36~Single~BS3ezy|X~
Samrath Bose~S2233445Q~37~Single~BS3ezy|X~Proj_2
